{"cameraMode":{"drawMode":0,"name":"Shaded","section":"Shading Mode"},"sceneLighting":true,"audioPlay":false,"sceneViewState":{"m_AlwaysRefresh":true,"showFog":true,"showSkybox":true,"showFlares":true,"showImageEffects":false,"showParticleSystems":true,"showVisualEffectGraphs":true,"m_FxEnabled":false},"in2DMode":false,"pivot":{"x":0.7885615825653076,"y":-4.551291465759277,"z":-170.60255432128907},"rotation":{"x":-0.0013804837362840772,"y":-0.9979442358016968,"z":0.06084746494889259,"w":-0.022159891203045846},"size":37.63086700439453,"orthographic":false}