{"cameraMode":{"drawMode":0,"name":"Shaded","section":"Shading Mode"},"sceneLighting":false,"audioPlay":false,"sceneViewState":{"m_AlwaysRefresh":true,"showFog":true,"showSkybox":false,"showFlares":true,"showImageEffects":false,"showParticleSystems":true,"showVisualEffectGraphs":true,"m_FxEnabled":false},"in2DMode":false,"pivot":{"x":-2.380537748336792,"y":24.089452743530275,"z":0.24164867401123048},"rotation":{"x":0.05731065571308136,"y":0.9350692629814148,"z":-0.17586642503738404,"w":0.30306103825569155},"size":3.5660250186920168,"orthographic":false}